<VOTABLE version="1.1" xmlns="http://www.ivoa.net/xml/VOTable/v1.1" xmlns:sed="http://www.ivoa.net/xml/SedModel/v0.93" xmlns:xsi="http://www.w3.org/2001/XMLSchema-instance" xsi:noNamespaceSchemaLocation="http://www.ivoa.net/xml/VOTable/v1.1">
<RESOURCE utype="SED">
<TABLE utype="SED">
<PARAM datatype="int" name="NSegments" utype="NSegments" value="1"/>
<GROUP utype="Target"/>
</TABLE>
<TABLE utype="Spectrum">
<PARAM arraysize="*" datatype="char" name="dataModel" utype="DataModel" value="Spectrum-1.0"/>
<GROUP utype="Char">
<GROUP utype="Char.SpatialAxis">
<PARAM arraysize="*" datatype="char" name="SpatialAxisUcd" utype="spec:Spectrum.Char.SpatialAxis.UCD" value="Spatial"/>
<GROUP utype="Char.SpatialAxis.Coverage">
<GROUP utype="Char.SpatialAxis.Coverage.Location">
<PARAM datatype="int" name="spatialLocation" ucd="pos.eq" utype="Char.SpatialAxis.Coverage.Location.Value" value="0"/>
</GROUP>
<GROUP utype="Char.SpatialAxis.Coverage.Bounds">
<PARAM datatype="int" name="spatialCoverageBoundsExtent" ucd="instr.fov" utype="Char.SpatialAxis.Coverage.Bounds.Extent" value="0"/>
</GROUP>
</GROUP>
</GROUP>
<GROUP utype="Char.TimeAxis">
<PARAM arraysize="*" datatype="char" name="TimeAxisUcd" utype="spec:Spectrum.Char.TimeAxis.UCD"/>
<GROUP utype="Char.TimeAxis.Coverage">
<GROUP utype="Char.TimeAxis.Coverage.Location">
<PARAM datatype="int" name="timeLocation" ucd="time.epoch" utype="Char.TimeAxis.Coverage.Location.Value" value="0"/>
</GROUP>
<GROUP utype="Char.TimeAxis.Coverage.Bounds">
<PARAM datatype="int" name="timeCoverageBoundsExtent" ucd="time.duration" utype="Char.TimeAxis.Coverage.Bounds.Extent" value="0"/>
</GROUP>
</GROUP>
</GROUP>
<GROUP utype="Char.SpectralAxis">
<PARAM arraysize="*" datatype="char" name="SpectralAxisUcd" utype="spec:Spectrum.Char.SpectralAxis.UCD" value="Angstrom"/>
<PARAM arraysize="*" datatype="char" name="SpectralAxisUnit" utype="spec:Spectrum.Char.SpectralAxis.Unit" value="Angstrom"/>
<GROUP utype="Char.SpectralAxis.Coverage">
<GROUP utype="Char.SpectralAxis.Coverage.Location">
<PARAM datatype="int" name="spectralLocation" ucd="instr.bandpass" utype="Char.SpectralAxis.Coverage.Location.Value" value="0"/>
</GROUP>
<GROUP utype="Char.SpectralAxis.Coverage.Bounds">
<PARAM datatype="int" name="spectralCoverageBoundsExtent" ucd="instr.bandwidth" utype="Char.SpectralAxis.Coverage.Bounds.Extent" value="0"/>
<PARAM datatype="int" name="spectralCoverageBoundsStart" ucd="stat.min" utype="Char.SpectralAxis.Coverage.Bounds.Start" value="0"/>
<PARAM datatype="int" name="spectralCoverageBoundsStop" ucd="stat.max" utype="Char.SpectralAxis.Coverage.Bounds.Stop" value="0"/>
</GROUP>
</GROUP>
</GROUP>
</GROUP>
<GROUP utype="Curation">
<PARAM arraysize="*" datatype="char" name="publisher" utype="Curation.Publisher" value="Science Archiving Team - European Space Astronomy Center"/>
</GROUP>
<GROUP utype="Data">
<GROUP utype="Data.FluxAxis">
<FIELDref ref="Flux0"/>
</GROUP>
<GROUP utype="Data.SpectralAxis">
<FIELDref ref="SpectralAxis0"/>
</GROUP>
</GROUP>
<FIELD ID="Flux0" datatype="double" name="flux" unit="erg/cm2/s/A" utype="Data.FluxAxis.Value"/>
<FIELD ID="SpectralAxis0" datatype="double" name="wave" unit="Angstrom" utype="Data.SpectralAxis.Value"/>
<DATA>
<TABLEDATA>
  <TR>
    <TD>9.486740574374312E-10</TD>
    <TD>2365.0399021773414</TD>
  </TR>
  <TR>
    <TD>6.516203819373624E-10</TD>
    <TD>3530.9995877648603</TD>
  </TR>
  <TR>
    <TD>6.635538113984188E-10</TD>
    <TD>4203.012253252577</TD>
  </TR>
  <TR>
    <TD>6.270216281591749E-10</TD>
    <TD>4020.0128461280574</TD>
  </TR>
  <TR>
    <TD>5.983789833698902E-13</TD>
    <TD>33500.10705106712</TD>
  </TR>
  <TR>
    <TD>2.805217793811228E-13</TD>
    <TD>46000.193027680485</TD>
  </TR>
  <TR>
    <TD>1.3331000107080824E-15</TD>
    <TD>220906.68189521765</TD>
  </TR>
  <TR>
    <TD>2.2848638839506874E-14</TD>
    <TD>86100.249289181</TD>
  </TR>
  <TR>
    <TD>2.5582191429245486E-11</TD>
    <TD>12390.166060505853</TD>
  </TR>
  <TR>
    <TD>3.0997251783198797E-10</TD>
    <TD>5537.049258445222</TD>
  </TR>
  <TR>
    <TD>1.3199774468642593E-9</TD>
    <TD>1964.9502392344482</TD>
  </TR>
  <TR>
    <TD>6.350887725801308E-10</TD>
    <TD>4442.027826344635</TD>
  </TR>
  <TR>
    <TD>8.778429195573734E-12</TD>
    <TD>16300.155393649382</TD>
  </TR>
  <TR>
    <TD>1.8727524962619346E-9</TD>
    <TD>1565.005523073708</TD>
  </TR>
  <TR>
    <TD>1.87772587740017E-17</TD>
    <TD>1019494.1780588969</TD>
  </TR>
  <TR>
    <TD>8.66065387308713E-12</TD>
    <TD>16494.770729023374</TD>
  </TR>
  <TR>
    <TD>8.071987508871954E-17</TD>
    <TD>618498.6032885634</TD>
  </TR>
  <TR>
    <TD>3.602851948530358E-10</TD>
    <TD>5318.9585011443605</TD>
  </TR>
  <TR>
    <TD>6.428641524063964E-10</TD>
    <TD>2740.082789507354</TD>
  </TR>
  <TR>
    <TD>2.55174899820196E-11</TD>
    <TD>12500.206729766891</TD>
  </TR>
  <TR>
    <TD>2.1984305753282257E-15</TD>
    <TD>183899.18905655717</TD>
  </TR>
  <TR>
    <TD>1.3144774445393226E-14</TD>
    <TD>115902.1333024044</TD>
  </TR>
  <TR>
    <TD>3.0127963900279393E-12</TD>
    <TD>21900.245306450423</TD>
  </TR>
  <TR>
    <TD>1.4772359415392744E-15</TD>
    <TD>238802.34028994694</TD>
  </TR>
  <TR>
    <TD>8.211063211470189E-15</TD>
    <TD>115598.23320737231</TD>
  </TR>
  <TR>
    <TD>3.188759019748263E-12</TD>
    <TD>21637.853338145047</TD>
  </TR>
  <TR>
    <TD>1.9570487250000004e-20</TD>
    <TD>8695652.173913043</TD>
   </TR>
</TABLEDATA>
</DATA>
</TABLE>
</RESOURCE>
</VOTABLE>